<?xml version="1.0" encoding="UTF-8"?>
<project-private xmlns="http://www.netbeans.org/ns/project-private/1">
    <editor-bookmarks xmlns="http://www.netbeans.org/ns/editor-bookmarks/2" lastBookmarkId="0"/>
    <open-files xmlns="http://www.netbeans.org/ns/projectui-open-files/2">
        <group/>
        <group name="EXAMEN-LAB-REC_2B2">
            <file>file:/C:/Users/jsole/Desktop/2022-23/IPC/LAB/IPC_DG1/IPC_FXMLSlider/src/javafxmlapplication/FXMLDocumentController.java</file>
        </group>
    </open-files>
</project-private>
